Datetime,ScreenName,Text,Geolocation
6/12/2021 20:12,Vishaltiwari561,"RT @Saru_Maini: #TheFamilyMan2: For the first time an OTT web series presents Love Jihad the way it is, Kalyan aka Salman love trap for Dhr‚Ä¶",Mumbai
6/12/2021 19:41,ibharti92,RT @SunielVShetty: Fabulous direction by @rajndk Extraordinary performances by @BajpayeeManoj @Samanthaprabhu2 @sharibhashmi and the entire‚Ä¶,Mumbai
6/12/2021 19:40,atishj7,"Had watched #TheFamilyMan2 earlier today, writing &amp; direction is excellent and this builds an excitement too high to look forward what @rajndk has to offer us with @shahidkapoor vs #MakkalSelvan @VijaySethuOffl in their next web series.",Mumbai
6/12/2021 19:28,Avinash74889981,RT @SunielVShetty: Fabulous direction by @rajndk Extraordinary performances by @BajpayeeManoj @Samanthaprabhu2 @sharibhashmi and the entire‚Ä¶,Mumbai
6/12/2021 19:18,meetniel,"RT @hinduja_sunny: #Repost @theaayushsrivastava
To our Hero Love you Millind 3000üôè
#thefamilyman2 #thefamilyman #season2 #manojbajpayee #fa‚Ä¶",Mumbai
6/12/2021 19:06,NimmaVishala,RT @Suparn: The greatest reward! My first @Amul_Coop #thefamilyman2 @rajanddk @BajpayeeManoj @Samanthaprabhu2 https://t.co/ZGSzoomxQD,Mumbai
6/12/2021 19:03,_Siddhesh_wagh,"RT @Darshana_1804: When you see your friend saying your pickup line to impress a girl..
#TheFamilyMan2 https://t.co/nTfBfpxajP",Mumbai
6/12/2021 18:13,thepratikwadhwa,There‚Äôs so much sporting action happening across the globe that it‚Äôs difficult to go back and complete #TheFamilyMan2 in spite of being introduced to the amazing character of #ChellamSir in S2E1.,Mumbai
6/12/2021 17:26,PariyaniKunal,RT @SunielVShetty: Fabulous direction by @rajndk Extraordinary performances by @BajpayeeManoj @Samanthaprabhu2 @sharibhashmi and the entire‚Ä¶,Mumbai
6/12/2021 17:26,Shooter_NKC,RT @Suparn: My favourite post so far #ChellamSir #TheFamilyMan2 https://t.co/pXTAHVLasd,Mumbai
6/12/2021 17:25,_ACTRESSFAN_,"RT @bollywood_life: Deepika Padukone is The Family Man 2 actress Samantha Akkineni's fashion inspiration and these pictures are PROOF 
 #De‚Ä¶",Mumbai
6/12/2021 17:21,_TeamSamantha_,"RT @bollywood_life: Deepika Padukone is The Family Man 2 actress Samantha Akkineni's fashion inspiration and these pictures are PROOF 
 #De‚Ä¶",Mumbai
6/12/2021 17:14,Vikasvikki92,RT @SunielVShetty: Fabulous direction by @rajndk Extraordinary performances by @BajpayeeManoj @Samanthaprabhu2 @sharibhashmi and the entire‚Ä¶,Mumbai
6/12/2021 17:08,i_nidhiii,"RT @hinduja_sunny: #Repost @theaayushsrivastava
To our Hero Love you Millind 3000üôè
#thefamilyman2 #thefamilyman #season2 #manojbajpayee #fa‚Ä¶",Mumbai
6/12/2021 17:02,Shishank2312,"@BajpayeeManoj &amp; @kaykaymenon02 are the only actors who can remotely come close to #irfankhan sir's skills &amp; take his legacy forward in #Indian cinema üé• 

Such phenomenal talents üëè #TheFamilyMan2 #TheFamilyManSeason2 #specialops #Ray 

@NetflixIndia @PrimeVideoIN @DisneyPlusHS",Mumbai
6/12/2021 16:53,MohitChaudharry,RT @SunielVShetty: Fabulous direction by @rajndk Extraordinary performances by @BajpayeeManoj @Samanthaprabhu2 @sharibhashmi and the entire‚Ä¶,Mumbai
6/12/2021 16:52,hardcorerahul,RT @SunielVShetty: Fabulous direction by @rajndk Extraordinary performances by @BajpayeeManoj @Samanthaprabhu2 @sharibhashmi and the entire‚Ä¶,Mumbai
6/12/2021 16:49,iam_sonu147,RT @Suparn: My favourite post so far #ChellamSir #TheFamilyMan2 https://t.co/pXTAHVLasd,Mumbai
6/12/2021 16:42,Suparn,RT @atishj7: #TheFamilyMan2 is as good as S1 by the whole team @Suparn @rajndk's 1 take shot has been unbelievable they looked extremely sa‚Ä¶,Mumbai
6/12/2021 16:42,Darshana_1804,"When you see your friend saying your pickup line to impress a girl..
#TheFamilyMan2 https://t.co/nTfBfpxajP",Mumbai
6/11/2021 23:32,RatnapriyaD,RT @Suparn: The greatest reward! My first @Amul_Coop #thefamilyman2 @rajanddk @BajpayeeManoj @Samanthaprabhu2 https://t.co/ZGSzoomxQD,Mumbai
6/11/2021 23:12,BilalThaniOruva,RT @ShishirRockstar: @imsadikaslam if you remove Tamil audio from #TheFamilyMan2 then half of the show is goneüòÇ #MemeTheFamilyMan. But yeah‚Ä¶,Mumbai
6/11/2021 21:13,_AkshayMasal,"Respected @BajpayeeManoj Sir, No Matter it's #BhikhuMhatre From #Sattya or #ShrikantTiwari from #TheFamilyMan , you are always my favorite üòä...
All The Best Sir üëçüíê
You are Amazing üòá
Love You üòäüòò
#ManojBajpayee #TheFamilyManSeason2 #TheFamilyMan2 @PrimeVideo https://t.co/0J9Ip6BPeb",Mumbai
6/11/2021 20:52,Shahid12Kapoor,RT @Suparn: The greatest reward! My first @Amul_Coop #thefamilyman2 @rajanddk @BajpayeeManoj @Samanthaprabhu2 https://t.co/ZGSzoomxQD,Mumbai
6/11/2021 20:46,SupritDas17,RT @Suparn: My favourite post so far #ChellamSir #TheFamilyMan2 https://t.co/pXTAHVLasd,Mumbai
6/11/2021 20:30,Tarun18084678,RT @Suparn: My favourite post so far #ChellamSir #TheFamilyMan2 https://t.co/pXTAHVLasd,Mumbai
6/11/2021 20:13,iamvkvikram,RT @SunielVShetty: Fabulous direction by @rajndk Extraordinary performances by @BajpayeeManoj @Samanthaprabhu2 @sharibhashmi and the entire‚Ä¶,Mumbai
6/11/2021 14:57,SunielVShetty,"Fabulous direction by @rajndk Extraordinary performances by @BajpayeeManoj @Samanthaprabhu2 @sharibhashmi and the entire cast, credits to you for that @CastingChhabra #TheFamilyMan2 is an absolute must watch!!",Mumbai
6/11/2021 14:53,Hani78803960,"RT @Spotboye: The buzz is that #SamanthaAkkineni is acing the OTT game as she gets on board the new trilingual #Netflix web series.

#Tolly‚Ä¶",Mumbai
6/11/2021 14:43,mr_memer_2801,"This is the only person who can tell us how much money has been deposited in 'PM Care Fund'‚Ä¶üòúüòúüòú

#chellamsir #thefamilyman2 https://t.co/ZscGHwhTo5",Mumbai
6/11/2021 14:27,Hani78803960,"RT @bollywood_life: After impressing us with her fierce avatar in The Family Man 2, Samantha Akkineni bags a trilingual web-series by a str‚Ä¶",Mumbai
6/11/2021 14:25,shikhabhansali9,"RT @RCityMall: There are a number of reasons you shouldn't be the ""minimum guy"" but we just want you to focus on one üòâ

Gear up and get rea‚Ä¶",Mumbai
6/11/2021 14:24,Hani78803960,"RT @TeamTWTS: Thanks Alot @ishahabali Sir! üôå‚ù§Ô∏è 
@Samanthaprabhu2 AKA #Raji 

#LovedTheFamilyMan2 #TheFamilyMan2 
#LoveYouSamantha #Samantha‚Ä¶",Mumbai
6/11/2021 14:23,D9panshuBh1tia,RT @Koimoi: The Family Man Star Manoj Bajpayee Recalls Being Ignored By Reporters During His Rough Phase: ‚ÄúAisa Please Mat Karna Kisi Ke Sa‚Ä¶,Mumbai
6/11/2021 14:23,Hani78803960,"RT @TeamTWTS: One Has To Believe Her... 
The Rest She Will Take Care, And Make You Super Proud @Samanthaprabhu2! üôåüòçüî• 

#LovedTheFamilyMan2‚Ä¶",Mumbai
6/11/2021 14:21,Hani78803960,"RT @TeamTWTS: Thanks Alot @upasanakonidela Mam! üôå‚ù§Ô∏è 
@Samanthaprabhu2 

#LovedTheFamilyMan2 #TheFamilyMan2 
#LoveYouSamantha #SamanthaAkkin‚Ä¶",Mumbai
6/11/2021 14:18,Hani78803960,"RT @TeamTWTS: Comedian #VenuTillu About Our #Raji AKA @Samanthaprabhu2! üôåüòéüî• 

#LovedTheFamilyMan2 #TheFamilyMan2 
#LoveYouSamantha #Samanth‚Ä¶",Mumbai
6/11/2021 14:16,cweeten,RT @Suparn: My favourite post so far #ChellamSir #TheFamilyMan2 https://t.co/pXTAHVLasd,Mumbai
6/11/2021 16:09,sudhakarskr14,"RT @TeamTWTS: Showing #Raji how to handle JK üí™üèº 
@Samanthaprabhu2! üôåüòéüî• 

#ProudOfYouSAMANTHA #TheFamilyMan2 
#SamanthaAkkineni https://t.co‚Ä¶",Mumbai
6/11/2021 15:02,sharmamatvipin,"RT @iFaridoon: ""I had no idea that it will stand out that big or that much. That's pretty good."": @sharmamatvipin on his popular chai seque‚Ä¶",Mumbai
6/10/2021 23:45,SARFARAZ_D_KING,"Most Satisfying Scene from
#TheFamilyMan2 https://t.co/pIFEIJFm4j",Mumbai
6/10/2021 22:33,sunflowerpilla,"Sajid, Raji, and that night on a beach.
The path must be wrong, but the pain isn't.

#TheFamilyMan2",Mumbai
6/10/2021 22:23,ohdaddydipper,"We say 
‚Äúsolmoin ne ma chodi physics ki‚Äù

‚ÄúMarvels ne ma chodi logic ki‚Äù

But deep inside we all know,
Ki, ma kisne chodi dono ki
#TheFamilyMan2 #TheFamilyManOnPrime #MaHiChodDiAapne https://t.co/14YFdk1204",Mumbai
6/10/2021 21:05,pinkvilla,"The Family Man 2 makers on teasing COVID 19 arc in season 3: We are going to address it
https://t.co/Sr0yvEOL2w
#TheFamilyMan2 #TheFamilyManSeason2",Mumbai
6/10/2021 20:50,khaneliyas01,"@Samanthaprabhu2 is on a different level as Raji üî•üî•

#TheFamilyMan2",Mumbai
6/10/2021 20:41,DhavalGurnani,RT @Suparn: The greatest reward! My first @Amul_Coop #thefamilyman2 @rajanddk @BajpayeeManoj @Samanthaprabhu2 https://t.co/ZGSzoomxQD,Mumbai
6/10/2021 20:41,ChaddhaLalsingh,"RT @07Snowy: #shrikanttiwari #TheFamilyMan2

*Girls : Boys don't have Feelings even they don't cry 

*Meanwhile Boys : üíî https://t.co/QnbYS‚Ä¶",Mumbai
6/10/2021 20:25,isabat09,RT @jokebazz: Need a spin off on Chellum sir. #TheFamilyMan2,Mumbai
6/10/2021 20:14,fruitaffair,"https://t.co/LMYoUtTzf0 the beast diet meal provider in town.

 #ChellamSir #TheFamilyMan2 #thefamilymanjobhunt #Familyman2 #FamilyMan2Review #familymeals #mealplanning https://t.co/GesGxuOEWW",Mumbai
6/10/2021 20:13,nishantbhuse,When your performance is the talk of the town  @BajpayeeManoj in a candid talk with @ankitabhalla28  on @PeepingMoon #TheFamilyMan2 https://t.co/RlCJtyhzRg,Mumbai
6/10/2021 18:21,queensamfan,"RT @TeamTWTS: Comedian #VenuTillu About Our #Raji AKA @Samanthaprabhu2! üôåüòéüî• 

#LovedTheFamilyMan2 #TheFamilyMan2 
#LoveYouSamantha #Samanth‚Ä¶",Mumbai
6/10/2021 18:12,Deishma,"Remember the five golden words!

""Dont be a Minimum Trader""

Took some time off to watch season 2.

#TheFamilyMan2",Mumbai
6/10/2021 18:03,untrustely,#TheFamilyMan2 Sam the best best anthe üî•üî•üî•,Mumbai
6/10/2021 17:49,avilash_g,RT @Suparn: My favourite post so far #ChellamSir #TheFamilyMan2 https://t.co/pXTAHVLasd,Mumbai
6/10/2021 17:47,AlwaysHarshaG,RT @DarshanKumaar: Mr. perfectionist @krishdk sir ‚ù§Ô∏èchecking whether Major Sameer is executing his plan well or not üòÅü§™ @rajndk #thefamilyma‚Ä¶,Mumbai
6/10/2021 17:30,Ryan35834268,RT @DarshanKumaar: Mr. perfectionist @krishdk sir ‚ù§Ô∏èchecking whether Major Sameer is executing his plan well or not üòÅü§™ @rajndk #thefamilyma‚Ä¶,Mumbai
6/10/2021 17:29,Raguvij22991465,"RT @TeamTWTS: One Has To Believe Her... 
The Rest She Will Take Care, And Make You Super Proud @Samanthaprabhu2! üôåüòçüî• 

#LovedTheFamilyMan2‚Ä¶",Mumbai
6/10/2021 17:28,bijweshalaka1,RT @Suparn: My favourite post so far #ChellamSir #TheFamilyMan2 https://t.co/pXTAHVLasd,Mumbai
6/10/2021 17:25,AmritaW,Rajiüëçüèª Hardened and poker faced! #TheFamilyMan2 #TheFamilyManSeason2 #SamanthaAkkineni,Mumbai
6/10/2021 9:43,pinkvilla,"The Family Man 2's Abhay Verma says he connected with Kalyan; Shares experience of working with Manoj Bajpayee
https://t.co/g3ddGhw74Q

#TheFamilyMan2 #AbhayVerma #ManojBajpayee",Mumbai
6/10/2021 9:41,bollybubble,"#TheFamilyMan2 star #SamanthaAkkineni in talks for a trilingual web series by #Netflix?

@Samanthaprabhu2 #BollywoodBubble 

https://t.co/PkL57GVTFT",Mumbai
6/13/2021 3:22,BornInNoon,"RT @atishj7: Had watched #TheFamilyMan2 earlier today, writing &amp; direction is excellent and this builds an excitement too high to look forw‚Ä¶",Mumbai
6/13/2021 3:12,FaijaanKhan11,RT @SunielVShetty: Fabulous direction by @rajndk Extraordinary performances by @BajpayeeManoj @Samanthaprabhu2 @sharibhashmi and the entire‚Ä¶,Mumbai
6/13/2021 3:08,Shehnaz_smile,"RT @manav22: #TheFamilyMan2 is awesomeness 
#MustWatch for my fav @Samanthaprabhu2 ‚ù§Ô∏è #Raaji rocks",Mumbai
6/13/2021 2:56,yogesh24gupta,"RT @hinduja_sunny: #Repost @theaayushsrivastava
To our Hero Love you Millind 3000üôè
#thefamilyman2 #thefamilyman #season2 #manojbajpayee #fa‚Ä¶",Mumbai
6/13/2021 2:50,sahu_surit,RT @SunielVShetty: Fabulous direction by @rajndk Extraordinary performances by @BajpayeeManoj @Samanthaprabhu2 @sharibhashmi and the entire‚Ä¶,Mumbai
6/13/2021 1:21,KoolRazzz,"RT @rvcjmovies: Egoless ‚ô•Ô∏è @BajpayeeManoj 
#manojbajpayee #thefamilyman #thefamilyman2 #samantharuthprabhu #webseries #indianwebseries #rvc‚Ä¶",Mumbai
6/13/2021 1:20,PointShubh,"RT @Saru_Maini: #TheFamilyMan2: For the first time an OTT web series presents Love Jihad the way it is, Kalyan aka Salman love trap for Dhr‚Ä¶",Mumbai
6/13/2021 1:04,Harshu46126715,RT @SunielVShetty: Fabulous direction by @rajndk Extraordinary performances by @BajpayeeManoj @Samanthaprabhu2 @sharibhashmi and the entire‚Ä¶,Mumbai
6/13/2021 23:42,pinkvilla,"#SharibHashmi says he‚Äôs on ‚Äòcloud nine‚Äô as the response on #TheFamilyMan2 has been ‚Äòcrazy‚Äô; Deets inside -
https://t.co/yJuTFnk7h9",Mumbai
6/13/2021 20:53,Zeal20032002,RT @Suparn: The greatest reward! My first @Amul_Coop #thefamilyman2 @rajanddk @BajpayeeManoj @Samanthaprabhu2 https://t.co/ZGSzoomxQD,Mumbai
6/13/2021 19:13,ShyamGupta2104,"RT @rvcjmovies: Words from Chellam sir himself üòç
#chellam #chellamsir #udaymahesh #thefamilyman2 #webseries #indianwebseries #rvcjmovies ht‚Ä¶",Mumbai
6/13/2021 19:01,PorediPavan,RT @SunielVShetty: Fabulous direction by @rajndk Extraordinary performances by @BajpayeeManoj @Samanthaprabhu2 @sharibhashmi and the entire‚Ä¶,Mumbai
6/13/2021 18:44,karthickvengat7,"RT @rvcjmovies: Words from Chellam sir himself üòç
#chellam #chellamsir #udaymahesh #thefamilyman2 #webseries #indianwebseries #rvcjmovies ht‚Ä¶",Mumbai
6/13/2021 17:33,IAmanGarcha,RT @Suparn: My favourite post so far #ChellamSir #TheFamilyMan2 https://t.co/pXTAHVLasd,Mumbai
6/13/2021 17:25,SaurabhN2014,RT @SunielVShetty: Fabulous direction by @rajndk Extraordinary performances by @BajpayeeManoj @Samanthaprabhu2 @sharibhashmi and the entire‚Ä¶,Mumbai
6/13/2021 17:25,AnkurMi43508930,"RT @bollywood_life: Trending OTT News Today: #TheFamilyMan2 actress #Priyamani opens up on being fat-shamed multiple times, #SamanthaAkkine‚Ä¶",Mumbai
6/13/2021 17:22,iamvarshinir,"RT @rvcjmovies: Words from Chellam sir himself üòç
#chellam #chellamsir #udaymahesh #thefamilyman2 #webseries #indianwebseries #rvcjmovies ht‚Ä¶",Mumbai
6/13/2021 16:59,Subin99822559,"RT @TeamTWTS: First Fight #Raji üôåüî• 
@Samanthaprabhu2 

Comment Your Fav Fight Scene.. 
#TheFamilyMan2 #SamanthaAkkineni 
#ProudOfYouSAMANTH‚Ä¶",Mumbai
6/13/2021 16:59,Subin99822559,"RT @TeamTWTS: Showing #Raji how to handle JK üí™üèº 
@Samanthaprabhu2! üôåüòéüî• 

#ProudOfYouSAMANTHA #TheFamilyMan2 
#SamanthaAkkineni https://t.co‚Ä¶",Mumbai
6/13/2021 11:55,x_entertainmen,"The Family Man Season 2 Episode 6, Watch The Family Man Web Series Season 2 Online Explanation
See Episode 06 at: https://t.co/jBjhqs8Myt

#TheFamilyMan2 #TheFamilyManSeason2 #TheFamilyManWebSeries #TheFamilyManEpisode6 #WatchTheFamilyMan #ManojBajpayee #FamilyManEpisode6 https://t.co/JxbdludbjI",Mumbai
6/14/2021 8:38,TheBad1812,RT @Koimoi: The most viewed show over the last week! A special mention for actor @ishahabali who gave a powerpacked performance in #TheFami‚Ä¶,Mumbai
6/14/2021 8:31,ah73815296,RT @Koimoi: The most viewed show over the last week! A special mention for actor @ishahabali who gave a powerpacked performance in #TheFami‚Ä¶,Mumbai
6/14/2021 8:26,Akashkd19,"RT @TeamTWTS: First Fight #Raji üôåüî• 
@Samanthaprabhu2 

Comment Your Fav Fight Scene.. 
#TheFamilyMan2 #SamanthaAkkineni 
#ProudOfYouSAMANTH‚Ä¶",Mumbai
6/14/2021 8:19,Koimoi,The most viewed show over the last week! A special mention for actor @ishahabali who gave a powerpacked performance in #TheFamilyMan2 directed by @rajndk on @PrimeVideoIN https://t.co/UsedDaThZy,Mumbai
6/14/2021 5:14,samee0402,"RT @rvcjmovies: Words from Chellam sir himself üòç
#chellam #chellamsir #udaymahesh #thefamilyman2 #webseries #indianwebseries #rvcjmovies ht‚Ä¶",Mumbai
6/14/2021 4:49,kaushikzala,RT @Suparn: My favourite post so far #ChellamSir #TheFamilyMan2 https://t.co/pXTAHVLasd,Mumbai
6/14/2021 4:35,ChiBabaIndia,"RT @manojgjha: @hvgoenka @BajpayeeManoj @Samanthaprabhu2 Brilliant Most Iconic and Cult chase scene üî•ü§£

@rajndk @BajpayeeManoj @sharibhashm‚Ä¶",Mumbai
6/14/2021 17:17,ankurkakatkar,A binge is a binge worth if it is #TheFamilyMan2! Kudos @BajpayeeManoj aka Shrikant &amp; @sharibhashmi ! @SharadK7 like always charming! @AshleshaThaakur ur wonderful! And loads of kudos to @Suparn @rajndk you guys got back @PrimeVideoIN back on track‚Ä¶@Samanthaprabhu2 @daliptahil,Mumbai
6/14/2021 17:03,ghilliselvan18,"RT @rvcjmovies: When you see it üòõ
#shahidkapoor #haider #thefamilyman2 #shahabali #bollywood #webseries #rvcjmovies @shahidkapoor @ishahaba‚Ä¶",Mumbai
6/14/2021 16:58,HimanshuYadu10,"RT @iFaridoon: ""After #TheFamilyMan2 people are constantly asking me, are you the same person who did #ChennaiExpress but I think it's beco‚Ä¶",Mumbai
6/14/2021 16:58,HimanshuYadu10,"RT @iFaridoon: ""It was not supposed to be that funny also because it's a really serious scene happening between Suchi and Srikant talking a‚Ä¶",Mumbai
6/14/2021 16:58,HimanshuYadu10,"RT @iFaridoon: ""The nationwide popularity of that dialogue is all because of this series."": #Priyamani on Sham scene in #TheFamilyMan2. 
@B‚Ä¶",Mumbai
6/14/2021 16:43,ImVictorVenkat,"RT @TeamTWTS: Oh! My Poor Raji üò≠üòÇ‚ù§Ô∏è 
@Samanthaprabhu2 

#TheFamilyMan2 #SamanthaAkkineni 
#ProudOfYouSAMANTHA #TeamTWTS https://t.co/KQsykh‚Ä¶",Mumbai
6/14/2021 16:38,Sharoni_8,"RT @iFaridoon: ""After #TheFamilyMan2 people are constantly asking me, are you the same person who did #ChennaiExpress but I think it's beco‚Ä¶",Mumbai
6/14/2021 16:33,henne38,"RT @iFaridoon: ""After #TheFamilyMan2 people are constantly asking me, are you the same person who did #ChennaiExpress but I think it's beco‚Ä¶",Mumbai
6/14/2021 16:33,henne38,"RT @iFaridoon: ""It was not supposed to be that funny also because it's a really serious scene happening between Suchi and Srikant talking a‚Ä¶",Mumbai
6/14/2021 16:32,henne38,"RT @iFaridoon: ""The nationwide popularity of that dialogue is all because of this series."": #Priyamani on Sham scene in #TheFamilyMan2. 
@B‚Ä¶",Mumbai
6/14/2021 16:32,ime_samee,"RT @iFaridoon: ""After #TheFamilyMan2 people are constantly asking me, are you the same person who did #ChennaiExpress but I think it's beco‚Ä¶",Mumbai
6/14/2021 16:32,iFaridoon,"""The nationwide popularity of that dialogue is all because of this series."": #Priyamani on Sham scene in #TheFamilyMan2. 
@BajpayeeManoj
#TalkingFilms #BollywoodHungama
YT: https://t.co/pDJTRyWT70 https://t.co/sZI5acYHe6",Mumbai
6/14/2021 16:31,iFaridoon,"""It was not supposed to be that funny also because it's a really serious scene happening between Suchi and Srikant talking about their marriage and..."": #Priyamani on Sham scene in #TheFamilyMan2. 

@BajpayeeManoj
YT: https://t.co/pDJTRyWT70 https://t.co/Sl2uUYVOZB",Mumbai
6/14/2021 16:31,iFaridoon,"""After #TheFamilyMan2 people are constantly asking me, are you the same person who did #ChennaiExpress but I think it's become a little more popular after..."": #Priyamani on #TheFamilyMan2's blockbuster success.

#TalkingFilms 
YT: https://t.co/pDJTRyWT70 https://t.co/l50UZanKQA",Mumbai
6/10/2021 22:33,SRI_HARI85,"RT @dharmachandru: How #TheFamilyMan2 Team Sees #Chellam Sir üòÄ

@BajpayeeManoj 
@rajndk https://t.co/WTPcdtZQxp",Bangalore
6/10/2021 21:22,balamur55569341,"RT @vipinsasi2: It's disgusting to see Samantha in #TheFamilyMan2 for Brown/Black facing herself to act as a Tamilian. Bloody Racists !!!
@‚Ä¶",Bangalore
6/10/2021 19:13,Ashwinkumar____,"You guys started celebrating Stars bday earlier okay as much you love him why can't you can love the society. Does anyone know the current price of the Petrol and Oil ??
#Thalapathy65 #TheFamilyMan2 #ThalapathyVijay #Thala @itisprashanth @cinemapayyan",Bangalore
6/10/2021 18:52,iamprashanth06,Well playedüëè  @PrimeVideoIN #TheFamilyMan2 #DisneyPlusHotstar https://t.co/xHNooD8xs1,Bangalore
6/10/2021 18:40,VigneshSammu,"RT @dp_karthik: If reports are to be believed Netflix planning a trilingual web series with South OTT Queen.

She received a check or 4CRS‚Ä¶",Bangalore
6/10/2021 18:23,neneARGHYA_69,"RT @pudiharicharan: Ravindra Vijay, who plays intelligence officer Muthu Pandian in #TheFamilyMan2, has landed a key role in the Telugu rem‚Ä¶",Bangalore
6/10/2021 18:20,queensamfan,"RT @dp_karthik: If reports are to be believed Netflix planning a trilingual web series with South OTT Queen.

She received a check or 4CRS‚Ä¶",Bangalore
6/10/2021 18:08,Maapimedias,"RT @dp_karthik: If reports are to be believed Netflix planning a trilingual web series with South OTT Queen.

She received a check or 4CRS‚Ä¶",Bangalore
6/10/2021 17:56,Gomzi2009,"RT @MultiplMovement: Trust Chellam Sir. He knows it all!
.
#ChellamSir #TheFamilyMan2 #ChellamKnowsEverything https://t.co/XNpH75oVrP",Bangalore
6/10/2021 17:32,GMiachel,"RT @sridevisreedhar: .@Rakulpreet says that her family has become fans of @Samanthaprabhu2  after watching #TheFamilyMan2 

Read on: https:‚Ä¶",Bangalore
6/10/2021 17:06,AmulyaKrishna7,"#TheFamilyMan2 #TheFamilyManSeason2

Whenever kids ask for something new,

Typical Indian parents be like: https://t.co/ioa8XeKXT3",Bangalore
6/10/2021 16:52,SaiSunil452,Family man is an amazing series. Glad to watch,Bangalore
6/10/2021 16:46,Karthic07556937,"RT @dp_karthik: If reports are to be believed Netflix planning a trilingual web series with South OTT Queen.

She received a check or 4CRS‚Ä¶",Bangalore
6/10/2021 16:44,SivaSamanthaFan,Such a remarkable show,Bangalore
6/10/2021 16:14,tiwrbuwz,"RT @pudiharicharan: Ravindra Vijay, who plays intelligence officer Muthu Pandian in #TheFamilyMan2, has landed a key role in the Telugu rem‚Ä¶",Bangalore
6/10/2021 15:47,aishatax,"A lot is being spoken about #TheFamilyMan2 , the new season of the immensely popular series by @rajndk While many have appreciated it, there have been others who have criticised it as well. What did the makers intend to tell? Watch the full interview: https://t.co/FcB1qoAo1Z https://t.co/qCtAPi7Nbe",Bangalore
6/10/2021 15:42,siddharthsaikia,RT @automovillindia: Don't be a minimum guy. Even Chellam sir knows that Automovill provides hassle-free car service with transparent prici‚Ä¶,Bangalore
6/10/2021 15:17,ImMKR,"And you can‚Äôt entirely blame JK. He means well. But, he is sort of tricked by Bollywood‚Äôs representation into believing that he knows enough to get by easily in #TamilNadu. #TheFamilyManSeason2
#TheFamilyMan2 https://t.co/NY0CuXCHBp",Bangalore
6/10/2021 12:30,aminosindia,"Be conscious of the food you are feeding to your body. Don't ignore advice of Chellam sir.

Visit https://t.co/X9xWrLG5rH 

#aminosindia #ChellamSir #health #hubli #Dharwad #Karnataka #foodies #restaurants #TheFamilyMan2 https://t.co/XFFsEKHRCV",Bangalore
6/10/2021 12:13,tweet_baazi,"RT @TheHinduCinema: Interview| #ManojBajpayee: ""Every actor or creative person should have an understanding of the politics in their countr‚Ä¶",Bangalore
6/11/2021 23:13,BilalThaniOruva,RT @SaranGowda: @Suparn when will be on tamil sir waiting eagerly #TheFamilyMan2,Bangalore
6/11/2021 23:11,BilalThaniOruva,"RT @sri50: #TheFamilyMan2 @rajndk got milieu and the #Tamil actors in supporting roles perfect.  #RavindraVijay #Devadarshini, &amp; #UdayMahes‚Ä¶",Bangalore
6/11/2021 23:11,BilalThaniOruva,"RT @LMKMovieManiac: #TheFamilyMan2: Though it's fiction, the references are obvious. Tamil Eelam leaders have been portrayed very weakly (w‚Ä¶",Bangalore
6/11/2021 23:11,BilalThaniOruva,"RT @sidhuwrites: #TheFamilyMan2 - More than half the season is in Tamil, with another good chunk in English. It is the Hindi audience who w‚Ä¶",Bangalore
6/11/2021 21:35,CEO_Breakupboys,Climax of #TheFamilyMan2 https://t.co/OxAaCsjxtb,Bangalore
6/11/2021 16:26,mrtallerjerry,"RT @SeemanOfficial: Stop Streaming #TheFamilyMan2 web series, else we Thamizhs all over the world may have to lead a Massive Campaign to Bo‚Ä¶",Bangalore
6/11/2021 14:21,imravee,"A very nice review of #TheFamilyMan2
By sister @harathi_hahaha
Do watch this Friends
üëèüëçüôè

#TheFamilyManSeason2
#TheFamilyManOnPrime

https://t.co/mqEJoSJ2uE",Bangalore
6/11/2021 13:50,MeenaYanitha,"RT @TheHinduCinema: Interview| #ManojBajpayee: ""Every actor or creative person should have an understanding of the politics in their countr‚Ä¶",Bangalore
6/11/2021 13:46,the_hindu,"RT @TheHinduCinema: Interview| #ManojBajpayee: ""Every actor or creative person should have an understanding of the politics in their countr‚Ä¶",Bangalore
6/11/2021 13:46,TheHinduCinema,"Interview| #ManojBajpayee: ""Every actor or creative person should have an understanding of the politics in their country. All the characters in the show are heroes in their own stories. We humanise them. We are not here to take sides.""

#TheFamilyMan2

https://t.co/3jSfJuodpd",Bangalore
6/11/2021 13:29,Sirajuddin_idri,"RT @aishatax: Such a wonderful conversation with @rajndk ! 
Do read :-)
'We were not¬†making anything political, we always try to tell human‚Ä¶",Bangalore
6/11/2021 13:28,aishatax,"Such a wonderful conversation with @rajndk ! 
Do read :-)
'We were not¬†making anything political, we always try to tell human stories,'¬†say The Family Man creators Raj and DK https://t.co/VEilexvlzj #TheFamilyMan2 #TheFamilyManSeason2 #TheFamilyManOnPrime",Bangalore
6/11/2021 13:15,tuittervishal,Corporate Life of an employee between Expectation vs Reality. #TheFamilyMan2 #corporatelife #ManojBajpayee #MEMES #Manager #boss #MNC #funny #comedy #memesdaily #business #Tweet https://t.co/5LInhWf1Qq,Bangalore
6/11/2021 11:00,SaranGowda,@Suparn when will be on tamil sir waiting eagerly #TheFamilyMan2,Bangalore
6/11/2021 10:53,miller65462181,"RT @vasudevanjasu: Stop streaming #TheFamilyMan2 immediately
#BoycottAmazon 
#FamilyMan2_against_Tamils https://t.co/0SXOxPqGjr",Bangalore
6/11/2021 9:43,filmibeat,The Family Man 2 Director Suparn Varma: What Happened With Tandav Worried Us https://t.co/HSy9NcrVM3 #thefamilyman2 #tandav #suparnvarma #amazonprimevideo #manojbajpayee #samanthaakkineni #saifalikhan,Bangalore
6/11/2021 9:43,HeptagonTech,"Chellam Sir has all the answersüòâ

#ChellamSir #TheFamilyMan2 #Familyman2 https://t.co/EM2rAeJRVA",Bangalore
6/11/2021 9:36,shevititan,@ChloeAmandaB Glad you liked it . You should join this engaging discussion tomorrow with the director of #TheFamilyMan2 @Suparn to know more . Would love your inputs . I can dm you the meeting details üòä https://t.co/eSjYQNlRlA,Bangalore
6/11/2021 8:46,mrtallerjerry,"RT @kaja_khalid: Stop Streaming #TheFamilyMan2 web series, else we Thamizhs all over the world may have to lead a Massive Campaign to Boyco‚Ä¶",Bangalore
6/11/2021 8:42,kaja_khalid,"Stop Streaming #TheFamilyMan2 web series, else we Thamizhs all over the world may have to lead a Massive Campaign to Boycott all 
@amazon
 Services, including Prime Video. https://t.co/kj7kP2ucbN",Bangalore
6/12/2021 1:30,SanjanaJawne,"This little cham has seperate fan following from Session 1 and Session 2
@BajpayeeManoj @sharibhashmi #TheFamilyMan2 #TheFamilyManOnPrime #TheFamilyManSeason2 https://t.co/BvdcbH0FPH",Bangalore
6/12/2021 2:24,AbdGokul,I have seen every episode in #TheFamilyMan2 .The way they potray our people(Tamil people) is totally a bullshit.They have playing with people emotion.,Bangalore
6/12/2021 6:18,VIRAJVIRATPATIL,"Me motivating myself before exams üòÇü§£
#MemeTheFamilyMan 
@SrikantTFM 
@PrimeVideoIN 
#TheFamilyMan2 #TheFamilyManOnPrime https://t.co/5KQ4iqkLKv",Bangalore
6/12/2021 5:46,getsequre,"When #Chellamsir has the right keys;

#chellamsir #thefamilyman2 #digitalworkplace #visitormanagementsoftware #digitalsolutions #covid #assetmanagementsoftware https://t.co/Uv78z5mKVn",Bangalore
6/12/2021 7:50,Onecapebusiness,"We all need a Chellam sir in our lives...
Follow @onecapebusiness
#onecape #familyman #thefamilyman2 #tamilsonglover #tamilmemes https://t.co/Gtzw9t2JwA",Bangalore
6/12/2021 9:24,harshitha4444,"RT @KotechaJitu: @Samanthaprabhu2 Superb...Mind blowing...
Perfomance 

Thank you

#TheFamilyMan2",Bangalore
6/12/2021 8:54,hemanthrc333,"#MemeTheFamilyMan 
#TheFamilyMan2 
#AmazonPrime 
@PrimeVideoIN @SrikantTFM 
Wear a mask always it will protect from both üòÇ https://t.co/dKjP0ZuirS",Bangalore
6/12/2021 8:53,SatyaSibaNayak,"RT @fampayindia: My dad when I ask for OTP on his phone

#FamPay #MemeTheFamilyMan #TheFamilyMan2 #TheFamilyMan #MEMES https://t.co/oAa00S0‚Ä¶",Bangalore
6/12/2021 8:52,KotechaJitu,"@Samanthaprabhu2 Superb...Mind blowing...
Perfomance 

Thank you

#TheFamilyMan2",Bangalore
6/12/2021 13:34,pathiyash,"@PrimeVideoIN Me and my brother whenever our sister cooks food in the kitchen!!! 

@SrikantTFM
@PrimeVideoIN
#MemeTheFamilyMan #TheFamilyManOnPrime
#thefamilyman #thefamilyman2 #memesOfFamilyman https://t.co/Ylo2LzUPTD",Bangalore
6/12/2021 13:22,pathiyash,"When your crush catches you looking at her!
My friend to me : just don't make eye contact, keep walking 

@SrikantTFM
@PrimeVideoIN
#MemeTheFamilyMan #TheFamilyManOnPrime
#thefamilyman #thefamilyman2 #memesOfFamilyman https://t.co/0MuMDgAyal",Bangalore
6/12/2021 13:21,pathiyash,"@PrimeVideoIN When your crush catches you looking at her!
My friend to me : just don't make eye contact, keep walking 

@SrikantTFM
@PrimeVideoIN
#MemeTheFamilyMan #TheFamilyManOnPrime
#thefamilyman #thefamilyman2 #memesOfFamilyman https://t.co/UOrq23UZfA",Bangalore
6/12/2021 13:19,Lazarsam4,"RT @sridevisreedhar: #TheFamilyMan2  - @RavindraVijay1 #RavindraVijay aka Muthu Pandian in conversation with @sri50  

@rajndk @BajpayeeMan‚Ä¶",Bangalore
6/12/2021 13:14,pathiyash,"@PrimeVideoIN Sri and Chellam Sir!!‚ù§Ô∏è
The Family Man 2‚ù§Ô∏è
Thanks for the amazing contest!!
Wish to win!!! üòç

@SrikantTFM
@PrimeVideoIN
#MemeTheFamilyMan #TheFamilyManOnPrime
#thefamilyman #thefamilyman2 #memesOfFamilyman https://t.co/9rS88pK5Yv",Bangalore
6/12/2021 13:13,pathiyash,"Sri and Chellam Sir!!‚ù§Ô∏è
The Family Man 2‚ù§Ô∏è
Thanks for the amazing contest!!
Wish to win!!! üòç

@SrikantTFM
@PrimeVideoIN
#MemeTheFamilyMan #TheFamilyManOnPrime
#thefamilyman #thefamilyman2 #memesOfFamilyman https://t.co/mkjJfgDCXs",Bangalore
6/12/2021 13:13,psangeetha2112,"Thanks to Milind from #TheFamilyMan2, listening to this beautiful song after ages @hinduja_sunny #SPBalasubrahmanyam 
https://t.co/qi4YJiBrGK",Bangalore
6/12/2021 20:30,Rumana00558454,"RT @Trends_Samantha: Raji in These Designs Are üëåüí•! @Samanthaprabhu2 

#TheFamilyMan2 || #SamanthaAkkineni https://t.co/I6gRoKyLZ9",Bangalore
6/12/2021 19:47,MasterakaJD,"#TheFamilyManSeason2 DUB UPDATE :
* Wait on 18th June and 25th June.
* If it's missed, then we should expect it on August.
(_Till that just try it on Hindi that's my opinion_)
#TheFamilyManOnPrime
#TheFamilyMan2 https://t.co/wzFWlEEU7b",Bangalore
6/12/2021 19:03,Fightforbadser1,"RT @MasterakaJD: What's this hint you're trying to convey to us @PrimeVideoIN 
@AmazonHelp ?
#TheFamilyMan2 https://t.co/VvpJi1HLAx",Bangalore
6/12/2021 18:55,BilalThaniOruva,"RT @sridevisreedhar: #TheFamilyMan2  - @RavindraVijay1 #RavindraVijay aka Muthu Pandian in conversation with @sri50  

@rajndk @BajpayeeMan‚Ä¶",Bangalore
6/13/2021 8:00,TaranaSammu,"RT @TheArif24: Never seen acting like her @Samanthaprabhu2 what a brilliant acting in #TheFamilyMan2 absolutely award winning acting. üëè

#T‚Ä¶",Bangalore
6/13/2021 7:41,srikanth_ss5,"RT @Trends_Samantha: Raji in These Designs Are üëåüí•! @Samanthaprabhu2 

#TheFamilyMan2 || #SamanthaAkkineni https://t.co/I6gRoKyLZ9",Bangalore
6/13/2021 5:57,Mujtaba023,need chellam sir to find more sukoon. #TheFamilyMan2,Bangalore
6/13/2021 5:45,JishnuUnniSFC,RT @sri50: My conversation with ‚Å¶@RavindraVijay1‚Å© aka #MuthuPandian of #TheFamilyMan2  https://t.co/18ZPM8kDvw,Bangalore
6/13/2021 5:40,harishshankara,@ishahabali Your last few scenes with @Samanthaprabhu2 was awkwardly very touching. Loved your performance. #TheFamilyMan2,Bangalore
6/13/2021 5:39,sri50,My conversation with ‚Å¶@RavindraVijay1‚Å© aka #MuthuPandian of #TheFamilyMan2  https://t.co/18ZPM8kDvw,Bangalore
6/13/2021 5:24,Di36204067,"RT @TheArif24: Never seen acting like her @Samanthaprabhu2 what a brilliant acting in #TheFamilyMan2 absolutely award winning acting. üëè

#T‚Ä¶",Bangalore
6/13/2021 5:13,kovarthan2005,"RT @sridevisreedhar: #TheFamilyMan2  - @RavindraVijay1 #RavindraVijay aka Muthu Pandian in conversation with @sri50  

@rajndk @BajpayeeMan‚Ä¶",Bangalore
6/13/2021 5:10,IDinezTweet,"@Samanthaprabhu2  üî•

That's the tweet.

#TheFamilyMan2 #AmazonPrime",Bangalore
6/13/2021 4:38,RAKESH_SAM_FAN,"RT @Trends_Samantha: Raji in These Designs Are üëåüí•! @Samanthaprabhu2 

#TheFamilyMan2 || #SamanthaAkkineni https://t.co/I6gRoKyLZ9",Bangalore
6/13/2021 4:30,EnigmaUnsocial,"RT @sridevisreedhar: #TheFamilyMan2  - @RavindraVijay1 #RavindraVijay aka Muthu Pandian in conversation with @sri50  

@rajndk @BajpayeeMan‚Ä¶",Bangalore
6/13/2021 4:09,RoyceVineeth,"RT @SeemanOfficial: Stop Streaming #TheFamilyMan2 web series, else we Thamizhs all over the world may have to lead a Massive Campaign to Bo‚Ä¶",Bangalore
6/13/2021 18:42,_ACTRESSFAN_,"RT @Trends_Samantha: Outstanding Fan-Art for Rajiüëåüî• @Samanthaprabhu2 
Credits - @thalaYG .

#SamanthaAkkineni #TheFamilyMan2 https://t.co/V‚Ä¶",Bangalore
6/13/2021 16:10,cinemaausher,RT @vicramb: Was pretty cool speaking with Shahab Ali from #TheFamilyMan2  on a Clubhouse Q&amp;A. A very grounded and nice person. Hope his ca‚Ä¶,Bangalore
6/13/2021 15:54,Baraniiraj3,"RT @Trends_Samantha: Fantastic artwork for #TheFamilyMan2 üëå‚ù§

@Samanthaprabhu2 
#Samantha #SamanthaAkkineni 

Credits: https://t.co/TJqtA0Z‚Ä¶",Bangalore
6/13/2021 15:53,dinesh89pandey,"God realized that Google doesn't work without internet, so he created Chellam Sir üòÖ

#ChellamSir
#TheFamilyMan2 https://t.co/DcBz7zuw1K",Bangalore
6/13/2021 15:49,Umanathv,"RT @medianews4u: Amazon Prime Video and Netflix engage in a fun banter over Manoj Bajpayee‚Äôs Netflix debut...
@BajpayeeManoj @PrimeVideoIN‚Ä¶",Bangalore
6/13/2021 15:41,Di36204067,Show is a must watch. Loved it,Bangalore
6/13/2021 15:26,harshitha4444,Beautiful peace of art and manoj bajpayee justifying it.,Bangalore
6/13/2021 15:21,SandhyaSamFan,Chellam Sir is the real hero,Bangalore
6/14/2021 20:44,SamSuriyaSD,"RT @Trends_Samantha: Outstanding Fan-Art for Rajiüëåüî• @Samanthaprabhu2 
Credits - @thalaYG .

#SamanthaAkkineni #TheFamilyMan2 https://t.co/V‚Ä¶",Bangalore
6/14/2021 19:33,JTsaran_Version,"RT @Trends_Samantha: Clarification about #Samantha's role in #TheFamilyMan2 by the makers @rajndk. 

@Samanthaprabhu2  #SamanthaAkkineni ht‚Ä¶",Bangalore
6/14/2021 19:18,RohitvNiranjan,"#TheFamilyMan2 #TheFamilyManSeason2 

JK about #Chennai every scene he appears

arey yeh Chennai toh bahut garmi they yaar 

As if Mumbai was never hot for him in the 1st season :D",Bangalore
6/14/2021 18:46,Soul_Meenu,"@SrikantTFM #MemeTheFamilyMan 
#TheFamilyManOnPrime #TheFamilyMan2 
@SrikantTFM @PrimeVideoIN 

When I Switch On ""ALL OUT"" in Active Mode 

Mosquitoes Be Like : https://t.co/Pkusx3AscO",Bangalore
6/14/2021 18:44,Soul_Meenu,"@SrikantTFM #MemeTheFamilyMan 
#TheFamilyManOnPrime #TheFamilyMan2 
@SrikantTFM @PrimeVideoIN

When I Am Walking Alone in Road, Suddenly a Dog Turns My Side

My Mind Be Like : https://t.co/olo3FHvJUv",Bangalore
6/14/2021 13:32,SantyTalk,Watched #TheFamilyMan2 loved it. The scenes are well scripted based on REAL incidents in TN and Sri Lanka..,Bangalore
6/14/2021 13:31,mrtallerjerry,"RT @SeemanOfficial: Stop Streaming #TheFamilyMan2 web series, else we Thamizhs all over the world may have to lead a Massive Campaign to Bo‚Ä¶",Bangalore
6/14/2021 13:29,sjaveed03,"RT @SeemanOfficial: Stop Streaming #TheFamilyMan2 web series, else we Thamizhs all over the world may have to lead a Massive Campaign to Bo‚Ä¶",Bangalore
6/14/2021 9:47,MuthukumarDu,"@PrimeVideoIN @SrikantTFM @rajndk @BajpayeeManoj @Samanthaprabhu2 @Priyamani6 @sharibhashmi @sumank @Suparn @shreya_dhan13 @hinduja_sunny @DarshanKumaar @SharadK7 @ishahabali We will record the strongest condemnation against the film #TheFamilyMan2 which has been published in a very derogatory and slanderous manner as the LTTE, #banfamilyman",Bangalore
6/14/2021 9:33,pathiyash,"When someone says engineering lelo life set hein!!! 

@SrikantTFM
@PrimeVideoIN
#MemeTheFamilyMan #TheFamilyManOnPrime
#thefamilyman #thefamilyman2 #memesOfFamilyman https://t.co/mKKHGw3hUr",Bangalore
6/14/2021 9:32,pathiyash,"Solid story, Awesome direction and acting was incredible",Bangalore
6/14/2021 7:42,CommondraaaMa,RT @sri50: #TheFamilyMan2 @BajpayeeManoj What a versatile actor! Simply rocks! https://t.co/ssBZoh1vpm,Bangalore
6/14/2021 7:42,CommondraaaMa,"RT @sri50: #TheFamilyMan2| #Review @PrimeVideoIN - Awesome,Adrenaline pumping, emotional, loads of humour, solid story, research, terrific‚Ä¶",Bangalore
6/14/2021 7:42,CommondraaaMa,"RT @sri50: #TheFamilyMan2 @rajndk got milieu and the #Tamil actors in supporting roles perfect.  #RavindraVijay #Devadarshini, &amp; #UdayMahes‚Ä¶",Bangalore
6/14/2021 7:36,CommondraaaMa,"RT @sridevisreedhar: #TheFamilyMan2  - @RavindraVijay1 #RavindraVijay aka Muthu Pandian in conversation with @sri50  

@rajndk @BajpayeeMan‚Ä¶",Bangalore
6/14/2021 7:25,indiancore75,"@sidharth_shukla Loved watching #TheFamilyMan2 ...Awww can't miss mentioning  Chellam Sir who is all over the internet with lovely memes dedicated to him ..all want to ask him something? Srikant, JK n now Chellam sir ...being loved for their stupendous role play !‚ù§üôå",Bangalore
6/14/2021 4:17,QueenSamanthaFP,"RT @sumanthforsam: Fitness Freak @Samanthaprabhu2 ‚ù§Ô∏è 

@TeamTWTS @SailuSam20 @Tirumala_Sam @SandhyaSamFan @urstruly_geetha @_anusam @am_har‚Ä¶",Bangalore
6/14/2021 3:55,_TeamSamantha_,Best actor award goes to Raji and Srikant. Such good actors they are,Bangalore
6/14/2021 3:25,Di36204067,Loved watching the show #FamilyMan. Amazing show,Bangalore
6/14/2021 3:17,urstruly_geetha,Give some reviews of family man. Need to watch it,Bangalore
6/10/2021 21:32,ishahabali,"Thank you for the opportunity @sayupasna . Very grateful üôè

#TheFamilyManOnPrime #TheFamilyMan2 https://t.co/gmXKzKFnyk",Delhi
6/10/2021 20:39,A_mGarg,"Weather is groovy üåß

So what!! 

So am I. 
#fridaynightfunkin
#ThursdayMotivation #TheFamilyMan2 https://t.co/3lYHLj8t8k",Delhi
6/10/2021 20:14,Shivang77239756,"RT @ramprakash0324: Don't be a minimum guy. Aim for twitter blue tick.
#jokes 
#TheFamilyMan2",Delhi
6/10/2021 19:10,mihir_nagpal16,"Just saw #TheFamilyMan2. Absolutely loved it. Great performances by, literally, everyone. Congratulations to @BajpayeeManoj Sir and the entire cast.",Delhi
6/10/2021 19:02,Shivamg111,"Just Finished Watching #TheFamilyMan2 - I Must Say This Is Called The Season 2 Of Any Webseries.. INCREDIBLE...And @BajpayeeManoj Sir You Are Incredible Actor Love You Sir ‚ù§Ô∏è...
And @sharibhashmi Sir You Are Too Good üëåüëå
And Great Acting By @Samanthaprabhu2 üëçüôå
@rajndk ‚≠ê‚≠ê‚≠ê‚≠ê",Delhi
6/10/2021 18:57,shivambhagat33,#ManojBajpayee keeps getting better. Superb acting. #TheFamilyMan2,Delhi
6/10/2021 18:14,MNNewsLive,"Chellam Sir: Meet Uday Mahesh aka 'Chellam Sir' of The Family Man 2 https://t.co/YzSd0P6Ypm 
#ChellamSir #TheFamilyMan2 #family",Delhi
6/10/2021 18:03,kazmi_shauzab,What a brilliant show..#TheFamilyMan2  Great to see you in Action. @BajpayeeManoj üëèüëè,Delhi
6/10/2021 18:01,Uzair__Khan_,"#TheFamilyMan2 
Just watched 6th episode and that police station one-shot gun action sequence is frickin-awesome! But if we compare the hospital one-take sequence in S01 is still the best one-take action i've seen in any Indian media that one reminded me of #TrueDetective S01E04",Delhi
6/10/2021 17:56,SeoMasterX1,Creativity max to whoever did this. #TheFamilyMan2 #ChellamSir #seomasterx https://t.co/aQZsR4TjML,Delhi
6/10/2021 17:50,18AKGOYAL,"RT @ramprakash0324: Don't be a minimum guy. Aim for twitter blue tick.
#jokes 
#TheFamilyMan2",Delhi
6/10/2021 17:32,unfinance1,#ChellamSir at unusual places (finance edition)  #ChellamKnowsEverything @unfinance1 #TheFamilyMan2 #HarshadMehta  #WarrenBuffett #MukeshAmbani @elonmusk #financememe https://t.co/Mryfo3xdEM,Delhi
6/10/2021 17:17,Aakashpatel7295,"RT @ramprakash0324: Don't be a minimum guy. Aim for twitter blue tick.
#jokes 
#TheFamilyMan2",Delhi
6/10/2021 17:07,Devkardeeps1012,"RT @DelhiCapitals: #ChellamSir knows it all üôÉ

#YehHaiNayiDilli #TheFamilyMan2 @Avesh_6 https://t.co/ATFKdYmhIN",Delhi
6/10/2021 17:01,Rish_VjMsD,"RT @JagranEnglish: EpicüòÇ! 

#TheFamilyMan2 #ChellamSir @BajpayeeManoj

https://t.co/Nmvu3mspPD",Delhi
6/10/2021 17:01,Rish_VjMsD,"RT @ieEntertainment: The showrunners, @rajndk in the latest season use @sharibhashmi‚Äôs JK character to debunk a few cliches of #southIndia.‚Ä¶",Delhi
6/10/2021 16:50,lachmi0809,"RT @Outlookindia: INTERVIEW | In conversation with Outlook's @lachmi0809, Actor Manoj Bajpayee talks about the release and the response of‚Ä¶",Delhi
6/10/2021 16:38,KritikaVaid91,"Send in your questions! 

Stay tuned for the interview

#ChellamSir #ChellamKnowsEverything #TheFamilyMan2 https://t.co/cO2383zxI2",Delhi
6/10/2021 16:34,theexwhogothot,RT @theexwhogothot: Who is the most irritating character in #TheFamilyMan2,Delhi
6/10/2021 16:28,pr4ful2,"RT @DelhiCapitals: #ChellamSir knows it all üôÉ

#YehHaiNayiDilli #TheFamilyMan2 @Avesh_6 https://t.co/ATFKdYmhIN",Delhi
6/11/2021 23:22,KanhaiyaMaddh18,"""She is feminazi and I am the libertarian.""

#TheFamilyMan2",Delhi
6/11/2021 22:04,BK_vidrohi,"Dear @BajpayeeManoj  sir u r our own @BryanCranston &amp; @rajndk sir thanku so much for bringing this masterpiece to our life,and now I can say we hve our own worldclass web series.Handsdown for  @Samanthaprabhu2 @sharibhashmi is fav.Both kids,suchi n chellam sir‚ù£Ô∏è
#TheFamilyMan2",Delhi
6/11/2021 21:24,DasSushmita,"RT @DelhiCapitals: #ChellamSir knows it all üôÉ

#YehHaiNayiDilli #TheFamilyMan2 @Avesh_6 https://t.co/ATFKdYmhIN",Delhi
6/11/2021 21:19,23singh_ashish,"@Samanthaprabhu2 elevates #TheFamilyMan2 to another level. She talks more with her eyes than words. and goes deeper than her rebel character to painfully summons the deadness, angst n disgust of every women suffering in silence. Kudos to the actor in her !!! 3/3 @PrimeVideoIN https://t.co/fcS12g0HL5",Delhi
6/11/2021 21:18,narmadha__s,"RT @MDANAS99812159: Loved this scene. Misunderstanding between two languages...Bhadwa no ma'am it's bhadakna...üòÖüòÖ

Amazing webseries.
Power‚Ä¶",Delhi
6/11/2021 20:55,23singh_ashish,Beauty of  #TheFamilyMan2 lies in chemistry between its characters n what they stand for. I will remember it for the moment of humanity between Raji n Sajid where she briefly saw hope before giving in completely. I felt her loss @Samanthaprabhu2 @ishahabali @PrimeVideoIN 2/3,Delhi
6/11/2021 20:47,cybersec_feeds,"RT @anand_dutta: I wish we can become the IT Security and Risk Management expert like ""Chellam Sir"" @tech_mahindra #ESRM #Cybersecurity @Ba‚Ä¶",Delhi
6/11/2021 20:24,23singh_ashish,"#TheFamilyMan2 on @PrimeVideoIN is extremely layered, nuanced n embedded with countless emotions so subtly that it's obvious to miss it first time! HATS OFF to @rajndk for choosing an extremely sensitive topic and crafting it with extreme sensitivity!!! 1/3",Delhi
6/11/2021 19:12,DrAnkit_VN,"RT @faisalkhan__7: When me and my friend  bunk school and my absent  teacher seen me :-

#TheFamilyMan #TheFamilyMan2 
#memesOfFamilyman 
@‚Ä¶",Delhi
6/11/2021 19:03,faisalkhan__7,"When me and my friend  bunk school and my absent  teacher seen me :-

#TheFamilyMan #TheFamilyMan2 
#memesOfFamilyman 
@SrikantTFM 
@PrimeVideoIN https://t.co/Xx6ulWQWj9",Delhi
6/11/2021 18:05,m_o__h_i_t,"RT @IAmGMishra: #TheFamilyMan2 :Must Watch

Superb performance by @Samanthaprabhu2 @sharibhashmi, Legend @BajpayeeManoj üôè&amp; others including‚Ä¶",Delhi
6/11/2021 18:03,GitaS2020,"RT @IAmGMishra: It feels great to see @BajpayeeManoj Ji liking &amp; RTing the tweet.

#TheFamilyMan2 https://t.co/9mmP0JEw4W",Delhi
6/11/2021 17:51,prateekmrt7,"RT @astropraveen: #chellamsirmeme Ab toh Chellam Sir ne bhi bol diya üòú 
@BajpayeeManoj @SrikantTFM @SharadK7 @rajndk
#familyman2 #thefamily‚Ä¶",Delhi
6/11/2021 17:46,GauravMishraAE,"RT @IAmGMishra: It feels great to see @BajpayeeManoj Ji liking &amp; RTing the tweet.

#TheFamilyMan2 https://t.co/9mmP0JEw4W",Delhi
6/11/2021 17:45,IAmGMishra,"RT @IAmGMishra: It feels great to see @BajpayeeManoj Ji liking &amp; RTing the tweet.

#TheFamilyMan2 https://t.co/9mmP0JEw4W",Delhi
6/11/2021 17:45,guptapranav00,"#MemeTheFamilyMan
Below image is nothing, it is just a ""#TheFamilyMan2"" if basu's meeting with president got cancelled .. https://t.co/zULSX1Lpd1",Delhi
6/11/2021 17:40,Dr_Seval_,"When life gives you chance of being anyone.
‚ñ∂Ô∏è Be as hardworking gentleman as Srikant
‚ñ∂Ô∏è Be As dedicated lady as Raji
‚ñ∂Ô∏è And As innocent kid as Atharva.

@BajpayeeManoj @Samanthaprabhu2 
#TheFamilyMan2",Delhi
6/11/2021 17:40,bellalex0414,"RT @IAmGMishra: #TheFamilyMan2 :Must Watch

Superb performance by @Samanthaprabhu2 @sharibhashmi, Legend @BajpayeeManoj üôè&amp; others including‚Ä¶",Delhi
6/11/2021 17:36,faisalkhan__7,"When my friend eating lunch in school without me 
Also me:-

#TheFamilyMan #TheFamilyMan2 #memesOfFamilyman 
@SrikantTFM 
@PrimeVideoIN https://t.co/eQgTluZhhz",Delhi
6/11/2021 17:30,sharibhashmi,"RT @ieEntertainment: The showrunners, @rajndk in the latest season use @sharibhashmi‚Äôs JK character to debunk a few cliches of #southIndia.‚Ä¶",Delhi
6/11/2021 17:30,faisalkhan__7,"RT @SBM_4007: Rarely binge watch anything, but #TheFamilyMan2 was worth it.
Good story, fab actors!! üëçüëè

@Samanthaprabhu2 was intense &amp; wha‚Ä¶",Delhi
6/12/2021 18:20,Poonam89739042,"RT @mymoneymantra: Always consult Chellam Sir, when taking financial decisions.

#TheFamilyMan2 
#MyMoneyMantra https://t.co/91iDDDN6p4",Delhi
6/12/2021 17:32,ImAmitkarn,"@BajpayeeManoj sir today I watched #TheFamilyMan2 it takes me total 7 hours long .The character of you, JK, and Muthu and raji was too much brilliant.what an acting by all of the team of #TheFamilyMan2.
‡§¨‡§π‡•Å‡§§ ‡§¨‡§π‡•Å‡§§ ‡§¨‡§ß‡§æ‡§à ‡§∏‡§∞ ‡§è‡§π‡§®‡•á ‡§î‡§∞ ‡§Ü‡§™‡§ï‡•á ‡§ú‡§ø‡§®‡•ç‡§¶‡§ó‡•Ä‡§Ç ‡§Æ‡•á‡§Ç ‡§∏‡§´‡§≤‡§§‡§æ ‡§Æ‡§ø‡§≤‡•á‡•§‡§≤‡§µ ‡§´‡•ç‡§∞‡•â‡§Æ ‡§¨‡§ø‡§π‡§æ‡§∞ ‡§∏‡§∞‡•§",Delhi
6/12/2021 15:50,TaranaSammu,"RT @krishna__shukla: Just watched #TheFamilyMan2 , @BajpayeeManoj once again did excellent performance..@Samanthaprabhu2 was a surprise pac‚Ä¶",Delhi
6/12/2021 14:05,krishna__shukla,"@shreya_dhan13 small role but left huge impact. She have a very bright future in acting..@SharadK7 also played his role perfectly..congrats to @rajndk and the whole team for this wonderful season...
#TheFamilyMan2",Delhi
6/12/2021 14:05,krishna__shukla,"Just watched #TheFamilyMan2 , @BajpayeeManoj once again did excellent performance..@Samanthaprabhu2 was a surprise package of the show..The highlight of the show is friendship between @sharibhashmi and Manoj sir..@hinduja_sunny once again impress us after Aspirants...",Delhi
6/12/2021 13:24,timesjobsdotcom,"Tip of the day:
Never make eye contact with your boss when he is angry with you.

#TimesJobs #TheFamilyMan2 #Meme #MemeDaily https://t.co/XkVVwgGH7m",Delhi
6/12/2021 13:11,Ankitaker,"#TheFamilyMan2 Ep 8 reaction of @jabykoay &amp; @Syntell üî•üòÇ
Their expressions say it all https://t.co/BY7WzAcbeU",Delhi
6/12/2021 12:52,faisalkhan__7,"Coming back from principal office
Actual scene            since i explain

#MemeTheFamilyMan 
#TheFamilyMan #TheFamilyMan2 
@PrimeVideoIN @SrikantTFM https://t.co/4cyjAYpsJr",Delhi
6/12/2021 12:50,just_fayeez,"#Fayeezhaimushkil
#TheFamilyMan2
Suchi's Secrecy with Arvind 
Dhriti's affair with Kalyan 
Atharv's blackmailing &amp; stupidity 
Srikanth Tiwari be like : https://t.co/L5QnW29NU7",Delhi
6/12/2021 12:32,TaranaSammu,"RT @IAmGMishra: #TheFamilyMan2 :Must Watch

Superb performance by @Samanthaprabhu2 @sharibhashmi, Legend @BajpayeeManoj üôè&amp; others including‚Ä¶",Delhi
6/12/2021 12:25,virendrasaini33,"Close truth!

#TheFamilyMan2 
@BajpayeeManoj @Samanthaprabhu2 https://t.co/zXorLeAG6x",Delhi
6/12/2021 11:57,Renuka26855,"RT @vestigemkt: Sharpen your mind, boost brain activity and increase mental performance with Vestige Prime Metamind‚ú®

Buy: https://t.co/hHb‚Ä¶",Delhi
6/12/2021 10:48,i_Navedr,"Why didn't use any gimble or  other stablizer in the family man season 2
#TheFamilyMan2 
#TheFamilyManSeason2
@rajndk
#rajndk",Delhi
6/12/2021 10:45,Zeal20032002,"RT @ieEntertainment: The showrunners, @rajndk in the latest season use @sharibhashmi‚Äôs JK character to debunk a few cliches of #southIndia.‚Ä¶",Delhi
6/12/2021 10:42,mohitjain77,"RT @vestigemkt: Sharpen your mind, boost brain activity and increase mental performance with Vestige Prime Metamind‚ú®

Buy: https://t.co/hHb‚Ä¶",Delhi
6/12/2021 10:16,trendincultures,"RT @mrbakchouder: New meme
#Memes #funny #memesdaily #dankmemes #lol #Ambani #TheFamilyMan2 #TheFamilyManSeason2 #TheFamilyMan #MemeTheFami‚Ä¶",Delhi
6/12/2021 7:16,diwanaladka66,"RT @maryashakil: My favourite actor . What a show. Is #FamilyMan @BajpayeeManoj Satya moment on OTT? 

The maker‚Ä¶",Delhi
6/12/2021 7:14,DrHimanshuJain4,RT @PIETPanipat: God sent Chellam SIr when he realized Google is overrated. Chellam Sir also knows what must be the ideal choice after 12th‚Ä¶,Delhi
6/12/2021 7:13,Tweetanesh,"RT @maryashakil: My favourite actor from my home state returns with a sequel. Is #FamilyMan @BajpayeeManoj Satya moment on OTT? 

The maker‚Ä¶",Delhi
6/12/2021 7:13,Gaurav_Sln,"@PrimeVideoIN When you bring ""Litti Chicken"" in your office and don't want to share with anyone other than your bff,n heading to finish it-

#MemeTheFamilyMan
#Thefamilyman 
#TheFamilyMan2  
#memesOfFamilyman 
@SrikantTFM 
@PrimeVideoIN https://t.co/9FdVsBx7JF",Delhi
6/12/2021 7:13,HauntedMemer,"RT @maryashakil: My favourite actor from my home state returns with a sequel. Is #FamilyMan @BajpayeeManoj Satya moment on OTT? 

The maker‚Ä¶",Delhi
6/12/2021 7:12,mrs_samakkineni,"RT @IAmGMishra: #TheFamilyMan2 :Must Watch

Superb performance by @Samanthaprabhu2 @sharibhashmi, Legend @BajpayeeManoj üôè&amp; others including‚Ä¶",Delhi
6/12/2021 7:10,Gaurav_Sln,"@PrimeVideoIN When you don't know ""Unnasi""
#Thefamilyman 
#TheFamilyMan2  
#memesOfFamilyman 
#MemeTgeFamilyMan
@SrikantTFM 
@PrimeVideoIN https://t.co/hJfHN6645X",Delhi
6/13/2021 11:14,SapnaMa41962631,"RT @tabishaslam: I know everybody wants to do this to the bhakts üòÇüòÇüòÇ
#TheFamilyMan2
#‡§Ü‡§∞‡§ï‡•ç‡§∑‡§£_‡§µ‡§ø‡§∞‡•ã‡§ß‡•Ä_‡§Ø‡•ã‡§ó‡•Ä_‡§∏‡§∞‡§ï‡§æ‡§∞
#BJPFailedKarnataka 
#UP_‡§∏‡§∞‡§ï‡§æ‚Ä¶",Delhi
6/13/2021 11:13,HimanshuB71,"@PrimeVideoIN Here's a meme from The Family Man Season 2.

#MemeTheFamilyMan
#TheFamilyManOnPrime
#TheFamilyMan #TheFamilyMan2 #MemesOfFamilyMan
@SrikantTFM @PrimeVideoIN

Join -
@trekha1986
@Prem_198
@Usha511
@Vinod_197
@BothraPri
@tarunkrekha https://t.co/ixZHfF4LVx",Delhi
6/13/2021 11:10,ShobhaP52419822,"RT @JagranEnglish: #POLL | Which series are you binge-watching this weekend? 

@BajpayeeManoj @sidharth_shukla 
#TheFamilyMan2 #ManojBajpay‚Ä¶",Delhi
6/13/2021 18:23,Arnab_Gandhi_07,"RT @ietrending: After Chellam Sir, Manoj Bajpayee‚Äôs expressions during #TheFamilyMan2 spark meme fest 

https://t.co/joEzBHHa7O",Delhi
6/13/2021 14:52,SamZeneca,RT @nawabjha: #TheFamilyMan2 | #Review | The excellent TASC team is back. Here's my 4.5-star review of the super sleek show spearheaded by‚Ä¶,Delhi
6/13/2021 14:51,Uzair__Khan_,"Just watched #TheFamilyMan2 Finalle and its probably the most packed episode of the series the pacing was outstanding and again with that one-take! Brilliant use of the camera, didn't like what they did with that plane shootout with sooo much distance doesn't seem realistic",Delhi
6/13/2021 14:51,Yashvee34874830,@Samanthaprabhu2 no one can match your acting in #TheFamilyMan2 hope we can see you again in bollywood series and movies,Delhi
6/13/2021 18:10,HansSingh03,"RT @ReverberateIND: Take #ChellumSir's advice on finding the one stop shop for all your social and digital media marketing needs! 
#TheFami‚Ä¶",Delhi
6/13/2021 18:01,NOTYELEMENT,RT @theexwhogothot: Who is the most irritating character in #TheFamilyMan2,Delhi
6/13/2021 17:57,ReverberateIND,"Take #ChellumSir's advice on finding the one stop shop for all your social and digital media marketing needs! 
#TheFamilyMan2 
#JoiningTheTrend https://t.co/GKGkPL9UQa",Delhi
6/13/2021 17:50,_TeamSamantha_,"RT @CentreLeak: Guys toss your best one liner for @Samanthaprabhu2 performance in #thefamilyman2 

#Samantha #Samanthahot #samanthahottest‚Ä¶",Delhi
6/13/2021 17:49,debasishjana99,"Well done #AmazonPrime üòÑüòÑ
#TheFamilyMan2 banner on #DisneyPlusHotstar https://t.co/tpbh2m9JU6",Delhi
6/13/2021 17:47,kkumbhat,"@BajpayeeManoj Take a bow sir! Incredible performance in #TheFamilyMan2. Was riveted to the screen for the entire 9 episodes!

@Samanthaprabhu2 and @sharibhashmi were awesome as well. The intensity of Raji and the eternally jovial JK- eminently watchable!!",Delhi
6/13/2021 17:46,,"This post is to wholeheartedly thank every #ChellamSir around. Please tag yours to express gratitude.üòá 

#TheFamilyMan2 https://t.co/gevWELPyuY",Delhi
6/13/2021 17:44,SidsHearts01,"Review: The Family Man 2 Is Thrilling, Jaw-Dropping And Sharp 
#TheFamilyMan2 #TheFamilyMan2Review
https://t.co/xkAhsb5LEy",Delhi
6/13/2021 17:40,BhaskarGarg16,Big Fan of the show. Such an interesting show to watch,Delhi
6/13/2021 17:35,SidharthReturns,#TheFamilyMan2 what an incredible job is dine by the directors and actors,Delhi
6/13/2021 17:33,KhilareSrushti,RT @IAmGMishra: @RanaAyyub Hence proved #TheFamilyMan2 is must series to watch!,Delhi
6/13/2021 17:26,Pallavi48238608,"RT @ieEntertainment: The showrunners, @rajndk in the latest season use @sharibhashmi‚Äôs JK character to debunk a few cliches of #southIndia.‚Ä¶",Delhi
6/13/2021 17:26,sassy_witty,Dude #TheFamilyMan2 is just to awesome man to ban....@Samanthaprabhu2 is just lit..her acting skills are fucking of the charts and what to say about @BajpayeeManoj is just amazing. üî•üî•üî•üî•üî•üî•,Delhi
6/14/2021 23:42,droppingthebest,"RT @Jay_ant_07: Chellam sir in whole series 

#TheFamilyMan2 https://t.co/mYBokyQ8Lj",Delhi
6/14/2021 21:01,ajey_01,"RT @Jay_ant_07: Chellam sir in whole series 

#TheFamilyMan2 https://t.co/mYBokyQ8Lj",Delhi
6/14/2021 21:01,Grilled_memer,"RT @Jay_ant_07: Chellam sir in whole series 

#TheFamilyMan2 https://t.co/mYBokyQ8Lj",Delhi
6/14/2021 20:41,Jay_ant_07,"Chellam sir in whole series 

#TheFamilyMan2 https://t.co/mYBokyQ8Lj",Delhi
6/14/2021 20:03,sharibhashmi,"RT @ieEntertainment: Guess what is @BajpayeeManoj cooking in #TheFamilyMan2 BTS photos.

See more photos from the set: https://t.co/jPcd1sG‚Ä¶",Delhi
6/14/2021 19:48,VarunMe87008463,"RT @JagranEnglish: #POLL | Which series are you binge-watching this weekend? 

@BajpayeeManoj @sidharth_shukla 
#TheFamilyMan2 #ManojBajpay‚Ä¶",Delhi
6/14/2021 18:35,mohitkardiya,Target down. Thanks to Chellam sir. #TheFamilyMan2,Delhi
6/14/2021 18:31,LionKingSid,"RT @JagranEnglish: #POLL | Which series are you binge-watching this weekend? 

@BajpayeeManoj @sidharth_shukla 
#TheFamilyMan2 #ManojBajpay‚Ä¶",Delhi
6/14/2021 18:28,anupama220880,"Here is my meme #TheFamilyMan2  #TheFamilyMan  #memesoffamilyman  @PrimeVideoIN  #MemeTheFamilyMan 
@SrikantTFM @rajndk @BajpayeeManoj @Samanthaprabhu2 @Priyamani6 @sharibhashmi @sumank @Suparn @shreya_dhan13 @hinduja_sunny @DarshanKumaar @SharadK7 @ishahabali https://t.co/2makJdrpaY",Delhi
6/14/2021 18:23,Hani78803960,"RT @ShivamPrerna1: I hv no words to praise u‚ù§Ô∏èu r not just an actress but a true Artistüëèhow much more i admire u,u changed d whole atmosphe‚Ä¶",Delhi
6/14/2021 17:42,shivam_prerna,"RT @ShivamPrerna1: I hv no words to praise u‚ù§Ô∏èu r not just an actress but a true Artistüëèhow much more i admire u,u changed d whole atmosphe‚Ä¶",Delhi
6/14/2021 17:42,RahulTh29207132,RT @RahulTh29207132: I can't wait anymore for this. The Hillarious and thriller web series that I see in my life #TheFamilyMan2 https://t.c‚Ä¶,Delhi
6/14/2021 17:42,RahulTh29207132,"RT @RahulTh29207132: It's a showtime #TheFamilyMan2 
Srikant and Adharv both are Epic 
So why waste your time watch the series #TheFamilyMa‚Ä¶",Delhi
6/14/2021 17:40,arjunnaagar88,"RT @vestigemkt: Sharpen your mind, boost brain activity and increase mental performance with Vestige Prime Metamind‚ú®

Buy: https://t.co/hHb‚Ä¶",Delhi
6/14/2021 17:40,AnkushLingalwar,"RT @ramprakash0324: Don't be a minimum guy. Aim for twitter blue tick.
#jokes 
#TheFamilyMan2",Delhi
6/14/2021 17:39,Ego1100,"RT @JagranEnglish: #POLL | Which series are you binge-watching this weekend? 

@BajpayeeManoj @sidharth_shukla 
#TheFamilyMan2 #ManojBajpay‚Ä¶",Delhi
6/14/2021 17:39,KoppelaKarthik,"RT @ieEntertainment: Guess what is @BajpayeeManoj cooking in #TheFamilyMan2 BTS photos.

See more photos from the set: https://t.co/jPcd1sG‚Ä¶",Delhi
6/14/2021 17:20,Bee_flawsome,@sidharth_shukla What you will ask him???....Sidharth any thriller or action based project coming??.. Also wanted to see you in some comic role..... BTW I enjoyed both #TheFamilyMan2 and #BBB3 alot... But BBB3 thoda zyadaüòú,Delhi
6/14/2021 14:49,Vaibhvtweets,"Mask Up India, don't be a person about whom JK talking.
#COVID19
#MemeTheFamilyMan 
#thefamilyman 
#thefamilyman2 
#memesOfFamilyman 
@SrikantTFM 
@PrimeVideoIN https://t.co/6seFdWJhJO",Delhi
6/14/2021 13:19,Sahib_22,In love with family man. In a wow!,Delhi
